,design,n,mpnn,plddt,ptm,pae,rmsd,seq
0,0,0,1.117541725126413,0.6163018941879272,0.3928091526031494,11.304419189691544,3.3615622520446777,AIDPAEAKAVLDAVLAKAAAITGPETFSDLWKLLPENEEDRKKLAAALADLAAKDPALVAAGLAALAALLAED
1,0,1,1.1591760427311286,0.7128098011016846,0.4867471158504486,8.125966012477875,3.446326494216919,AIDPAAAEAVLADVLAKVAAIKGKETFSDLWKLLPENEEDKALFLAALEALAAADPAAVAAALKALKELLEED
2,0,2,1.1712111525769069,0.6112726926803589,0.38041362166404724,11.677558153867722,2.7580363750457764,AIDPAAAEAVYKAVLAKVAAIKGKETFSDLWKLLPENPEDRERFLAAVERLAAEDPELVEAAKAALAALLKED
3,0,3,1.106787254849386,0.6310513019561768,0.438463419675827,10.527398496866226,12.21561050415039,AIDPEAAKAVFDEVLAKAAAITGEETFSDLWKLLPENEEDRALFAAAVAALAAEDPAAVAAALAALAALKAKD
4,0,4,1.0943042266531846,0.8016781210899353,0.5858343839645386,6.852635741233826,3.6340932846069336,MIKDEDAEKVFKEVVEKVKSIKGKETFSDLWKLLPENKEDQELFKYAVEKLKKENPELYEEIEKKLKKLKEED
5,0,5,1.179920320885422,0.7595968246459961,0.5109797716140747,8.157209515571594,12.408970832824707,MIDKEDAEKVLKEVLAKVAAIKGKETFSDLWKLLPENEEDKKKFLAALEALAKENPELVAKAIAALKKIKEED
6,0,6,1.1513379203099385,0.787514328956604,0.6221780776977539,6.156207635998726,4.117519855499268,AIDDEEAEAVFKDVLAKAAAIKGYETFSDLWKLLPENAEDRAKFAYAVEKLKAENPALFAAAVAALAKLKAED
7,0,7,1.1277323355881352,0.7260538339614868,0.4749952554702759,8.869630306959152,3.3258183002471924,MIKEEDAKKVFEEVLKKVASIKGKETFSDLWKLLPENEEDKKLFKYAVEELKKKNPEFYEKVEKALEKLKKED
8,1,0,1.2567657232673464,0.7904646992683411,0.46686476469039917,9.440257996320724,3.1903152465820312,EEAELEELKLRIAKRRAEELGIEEETFSDLWKLLPENEEELKKEIEEEKKRLEEEEKKLAEEAAKAAELAALA
9,1,1,1.4982076336926644,0.7002248764038086,0.39941155910491943,13.212138175964355,9.750775337219238,SSLLEKLLKLLLALRLAKEKGIEEETFSDLWKLLPENEEELKKALEETKKELEELLKELEELLEELLKLLLLA
10,1,2,1.2289331670044057,0.8689273595809937,0.5594877600669861,7.736325770616531,1.88251531124115,KEEEIEKLKLKIAKKIAKEKGIKKETFSDLWKLLPENEEELKKKIEETKKELEKEKEKEEKEKAEKEKLEKEK
11,1,3,1.3374474553024904,0.8397164344787598,0.5244585275650024,8.496049731969833,1.1857085227966309,SSSELEELKLLIAKKRAEELGIEEETFSDLWKLLPENPEELEKEIEKTKKELEEKKKEEEEKEKELKELLEKL
12,1,4,1.2923362352283616,0.8753905892372131,0.5900630950927734,6.106265425682068,1.2925505638122559,SEEELEELKLRIAERRAKELGIEEETFSDLWKLLPENEEELEKEIEEEKKRREKEREEEAARAAAEAAAAAAA
13,1,5,1.357660782110912,0.7744782567024231,0.3630593717098236,12.10958194732666,2.105595827102661,SMAELEELKLRIAKEIAKKKGIKKETFSDLWKLLPENEEELEKAIKEEKEKLEKERKLEEKLKELQKLLEELK
14,1,6,1.2216088643124183,0.7341405153274536,0.40498846769332886,11.775736182928085,4.11240816116333,KKKEELELKERIAKKIAKEKGIKKETFSDLWKLLPENEEELKKKIEEEKKKKEEEEKKKEELEKELKELLEKK
15,1,7,1.2441302960527634,0.8550418615341187,0.5412706732749939,8.29314711689949,1.4029663801193237,KEEELEKLKLLLAKKIAKEKGIKEETFSDLWKLLPENPEELEKELKKLKEELKKKKEEEEKKEEEKKKLEELK
16,2,0,1.2503103573274938,0.91184002161026,0.7355549931526184,3.591545447707176,1.133739948272705,SREELLRKTIIALNKELGIEVSEDETFSDLWKLLPENMEELEKLSKKVLEKSENKELTKELLEEIIEKKKKEK
17,2,1,1.2840631403372387,0.8949506282806396,0.6959866285324097,4.0724106580019,0.7138673067092896,SKKEELLKTIKALNKLLGIKVSEDETFSDLWKLLPENMEELLKLVKKLIELSEDKEKTKKMVEIIIEKKKKEK
18,2,2,1.2135083162997236,0.8979044556617737,0.7024881839752197,4.026947841048241,0.7411252856254578,SEKEKLLETIKKLNELLGIKTKEDETFSDLWKLLPENEEELLKLVKKLIEESENKEETKKYAEIIIEKVKKEK
19,2,3,1.2315465985917853,0.9088488221168518,0.7405909299850464,3.5462974309921265,1.070517897605896,SEAEKLRETIIALNKLLGIEVSEDETFSDLWKLLPENEEELEKVAKEYIEKAEDKELAKEYVEKIIERVKKEK
20,2,4,1.247872537290694,0.9023494124412537,0.7113259434700012,4.034733310341835,0.7532525062561035,MESELLLETIRKLLAELGIKVSEDETFSDLWKLLPENMEELLKLAEKVLEKSEDKELTKKMLEKIIEMKEKEK
21,2,5,1.2488806908731387,0.8934438824653625,0.6957004070281982,4.247378617525101,0.8465482592582703,SRRKLLLETIKALLKLLGIKVKEDETFSDLWKLLPENEEELLKLAEKLIEESEDKELTKELVEEIIEKVKKEK
22,2,6,1.2536924766149773,0.8927834033966064,0.6871950626373291,4.058313757181168,1.4409035444259644,EEKELELEMIKKILEKLGIEVSEDETFSDLWKLLPENEEELEKLLEEVIEESEDKELTEKIGKKILERVKKEK
23,2,7,1.2486631580099554,0.8905518651008606,0.6728522777557373,4.174246296286583,0.7556998133659363,KEKELLLKTIKELNKLLGIEISENETFSDLWKLLPENLEELKKLLEELIEKSENKELTKKMVEKILELKEKEK
24,3,0,1.0209068628189168,0.6900172829627991,0.4756309986114502,10.37669187784195,11.570422172546387,MAAAAEAAAAAHLAAHLAAAAARGETFSDLWKLLPENPEERAAVLAAAHAAAAAAAAAAAAAAAALAEAAAAA
25,3,1,1.2157870129208017,0.6414518356323242,0.41610246896743774,11.080681413412094,9.652334213256836,AAAALAALAALAGAALAALAAKLGETFSDLWKLLPENPAERLAVLAALAAALAAAAAAAAAAAAAAAAAAAAA
26,3,2,1.557466044762433,0.7496175765991211,0.35909518599510193,11.058499246835709,10.409453392028809,SLAALLKLLKLALKALLKLSELLGETFSDLWKLLPENPEERLKVLSKAAAAALALAAALLAALLAALLAALAA
27,3,3,1.0844392495285087,0.6539640426635742,0.3933873176574707,12.136299401521683,8.206042289733887,ALAALLALLAAALAAHLALAKALGETFSDLWKLLPENPAVRAAVLAAAAAAAAAAAAAAAAAAAAAAAAAAAA
28,3,4,1.4306670628587146,0.6626532077789307,0.3733760118484497,13.28581327199936,12.36423397064209,MKKKKEELKKAALAAHLAAAKKKGETFSDLWKLLPENPKERKEVLKKALAALAAAAKAAKEEAAKLAEELAAL
29,3,5,1.3324262522423824,0.7595893144607544,0.3915037512779236,12.922701090574265,11.895623207092285,MLEEKEKKKKIHLEIHLKHTEKKGETFSDLWKLLPENEEEKKKVLKEIHKKHKEKLKKKEEEKKKKEEEEKKL
30,3,6,1.1820587680257195,0.7156571745872498,0.4674803912639618,10.445904672145844,10.517642974853516,ALAAALLAAAVHLAHALAHTAALGETFSDLWKLLPENPEERAKVLAAAHAAHAAAAAAALAAAAAAAAALAAA
31,3,7,1.133715438032939,0.6289879083633423,0.4147116243839264,12.26906442642212,12.190808296203613,MLAALAAALAAALAVHLAAAAARGETFSDLWKLLPENPEERKKVLAALAAAAAAAAAAAAAAAAAAAAAAAAA
